{"cameraMode":{"drawMode":0,"name":"Shaded","section":"Shading Mode"},"sceneLighting":true,"audioPlay":false,"sceneViewState":{"showFog":true,"showMaterialUpdate":false,"showSkybox":true,"showFlares":true,"showImageEffects":true,"showParticleSystems":true,"showVisualEffectGraphs":true,"m_FxEnabled":true},"in2DMode":false,"pivot":{"x":12.768987655639649,"y":-2.8439741134643556,"z":2.4469375610351564},"rotation":{"x":-0.07736752927303314,"y":-0.3934466242790222,"z":0.033250123262405398,"w":-0.9154837131500244},"size":15.223665237426758,"orthographic":false}